Id,Answer
0,士兵
1,《諸羅縣志》
2,袁晁
3,
4,長盤勝負
5,東北
6,1889年
7,西漢的版圖向西擴張
8,郵政機關
9,最重要的通訊手段
10,周星馳
11,五大老
12,相當程度
13,anticipation
14,2007年
15,硫化氫
16,華萊士
17,107克耳文
18,
19,[UNK]-15
20,愛爾蘭語，在英語中也稱為[UNK]、[UNK]、[UNK][UNK]或[UNK]，因此在漢語中愛爾蘭語也有「蓋德爾語」、「蓋爾語」、或「愛爾蘭蓋爾語」等其他譯名。愛爾蘭語在語言分類上屬於印歐語系
21,荷蘭
22,硫化物
23,塞爾維亞反對黨
24,數十年
25,外交活動
26,拉丁文[UNK]
27,路加是希臘人
28,1964年
29,傑羅姆·威斯納
30,文化大革命爆發後，學校的教學、科研等各項工作陷入全面癱瘓狀態
31,《名人傳》
32,灣仔
33,俗雲萬里石塘
34,約翰·布蘭豪
35,1964年
36,新北市
37,白色
38,任何示威
39,十丐
40,南宋皇族和官員的後裔流落定居於香山。明朝
41,四千名
42,
43,1070年
44,醫療保險
45,第一教學樓
46,1929年
47,世界盃紀念郵票
48,1932年
49,
50,
51,武大隆
52,長年
53,南斯拉夫民族解放反法西斯議會在11月的制憲會議宣布南斯拉夫成立共黨政府，罷黜君主制。1946年1月31日，南斯拉夫戰
54,米利都
55,花剌子
56,阿爾法版本
57,六大城市之一?[SEP]都定於北平一條予以刪除。12月25日，中華民國憲法三讀通過，民國三十六年1月1日公布，同年12月25日正式實行。自此，南京失去中華民國法定國都的地位
58,新北市教育主管機管
59,中文網
60,凡爾賽宮
61,中國國民黨
62,中生代侏羅紀
63,阿拉貢國王卡洛斯三世
64,熱帶雨林氣候
65,
66,南京市
67,東漢
68,噴射發動機為動力，擺脫螺旋槳在接近音速時的上限
69,二十歲
70,古栽
71,1994年
72,
73,凝固是指在溫度降低時，物質由液態變為固態的過程，物質凝固時的溫度稱為凝固點。目前已知的液體幾乎都可以在低溫時凝固成為固體，氦
74,經過依納爵長久的薰陶
75,一級公路
76,大韓生命保險公司大樓
77,侯寶林
78,
79,俾斯麥
80,金泳三
81,1958年
82,靈魂
83,科龍港
84,蓋爾人
85,心理學
86,西漢元封二年
87,隋滅南陳後，開始要求周邊國家為其臣屬。高句麗與隋朝的關係逐漸進入戰爭
88,五胡君主
89,1861年
90,
91,三吳地區
92,複合式裝甲
93,大躍進運動
94,該樓
95,荷蘭語
96,1934年
97,檸檬酸咖啡
98,1913年
99,1949年
100,大象
101,1915年
102,
103,上皮組織
104,美國
105,加里恩努斯繼承皇位
106,李[UNK]
107,四
108,佛學論書
109,
110,薩克森邦
111,三天
112,1944年
113,無稅可收
114,巴夏禮
115,哈林河
116,南亞
117,樂比賽聲音
118,中原
119,荷蘭語
120,威廉·洛厄爾·普特南
121,秘書長
122,伊斯蘭
123,雷家驥
124,安藏王
125,字喃
126,四百公尺
127,1939年
128,只得轉入戰略防禦
129,福建林家
130,用來運貨
131,民主黨
132,西人黨
133,2013年
134,臺北
135,查莫洛人
136,杭縣
137,越南國旗
138,兩波
139,1939年
140,高速攝影
141,石齋畫報
142,南越地區
143,1988年
144,上吊自殺，25%通過服毒、14%通過從高處墜落。男性則有50%通過上吊方式自殺
145,麥高文
146,水鐘
147,
148,勃艮地人
149,德蘇戰爭
150,髒層
151,世界衛生組織
152,1957年
153,就業保障制度
154,光緒三十年
155,打算將牠們命名為[UNK]
156,國共內戰戰況失利
157,六個
158,乙醚
159,唐太宗
160,卡爾梅克人社區被消滅，對卡爾梅克人
161,1969年初，劉少奇患重病，由中南海特派的搶救組予以搶救。1969年10月17日
162,63位
163,
164,古希臘時代
165,傳統宗教
166,該海灣面積大幅縮小
167,南京
168,城市化發展速度
169,[UNK]
170,8月4日
171,1999年
172,《天淨沙》
173,二次大戰
174,正光元年
175,趙佗創立南越國
176,
177,岑智明
178,最後以普魯士大獲全勝，建立德意志帝國告終
179,公元前362年
180,強力政府
181,28歲
182,2000年10月
183,保加利亞
184,三大優點
185,2000公厘以上，無明顯乾溼季之分；溫差小，平均溫約攝氏25~27度
186,社會黨
187,南斯拉夫
188,波士頓
189,1992年
190,
191,治維新
192,明朝
193,1498年
194,2000年
195,2012年
196,有關稻
197,克萊門森級
198,森林
199,阿森納女子足球俱樂部為阿森納的屬會。成立於1987年，是英格蘭最成功的女子隊，先後贏得12次英格蘭女子足球超級聯賽冠軍、10次英格蘭女子足協盃及10次英格蘭女子聯賽盃
200,一黨制或者一黨優勢制
201,英京大酒家
202,1920年
203,53.3%
204,多倫多證券交易所是加拿大最大的證券交易所，而加拿大五大銀行的總部皆位於多倫多
205,坡度較高
206,
207,反貪污特警隊綠色行動專項打擊軍隊走私。但由於美軍在全球都駐有基地和部隊並且軍隊管理制度和人員素質問題國際毒品走私事件也頻有發生，以在韓國為例，在2012年上半年韓國海關
208,艾瑪·史東
209,與真實值存在一定的偏差
210,彌勒半[UNK]趺坐姿態
211,亞歷山大一世
212,
213,真空帶
214,新北市
215,最根本
216,附屬島嶼之主權
217,唐努烏梁海
218,一線工作
219,劉源
220,
221,駐廠商
222,西部地區
223,1982年
224,1449年
225,君主
226,少數山峰
227,
228,美國發明家
229,2006年
230,沒有
231,中國器官移植手術
232,元世祖在與阿里不哥作戰與整頓國內之際，因為無暇對付南宋，於是派郝經對南宋提出高壓的議和內容。當時南宋的宋恭帝僅五歲，由謝太后垂簾聽政，大權由謊稱擊退蒙古軍的賈似道掌握。由於賈似道畏懼謊言被擊破而幽禁郝經。南宋並於1262年
233,澎湖
234,3766人
235,0.4太陽質量
236,颱風
237,2014年
238,1968年
239,
240,結合美國社會的現實
241,鋁土礦
242,現代化建築
243,阿美族
244,黑死病
245,2007年
246,阿森納站
247,受到社會普遍的譴責
248,2001年
249,波士頓塞爾提克隊
250,溥[UNK]
251,副主席
252,
253,政長為巡按使
254,《風之國度
255,1951年
256,漢語拼音方案
257,1984年
258,線與站
259,下薩克森邦
260,
261,菲律賓富商工作的工資
262,全勝紀錄
263,戰鬥機
264,中國天文學
265,高濃度
266,袁世凱
267,明朝
268,1848年
269,1954年
270,1997年10月簽署《經濟、社會、文化權利國際公約》以及在1998年
271,左右著韓國
272,《南華早報》
273,可以麻痺嗅覺神經
274,佛像
275,阿聯
276,灣仔發展計劃第二期是整個中環及灣仔填海計劃的最後一期工程。這項目以交通基建為主，如中環灣仔繞道、東區走廊連接路、港鐵北港島線及沙田至中環鐵路線的第四條過海隧道
277,前線步兵師
278,永曆帝
279,相約成俗
280,自律心肌細胞
281,1985年
282,德語地區
283,
284,1237年
285,東羅馬
286,劉裕
287,奧匈帝國
288,美國律師協會
289,1658年
290,清代
291,美川王
292,胡安·林茲
293,日本
294,1998年1月1日
295,橫越天空
296,孟懷玉
297,細胞外的鈣離子
298,383年
299,羅納爾迪尼奧
300,與秦軍對峙[UNK]水
301,火山活動
302,利奧三世
303,拉丁字母
304,要提升飛機的飛行安全，降低因為鋼纜或者是滑輪等裝置失效導致失去控制的問題
305,丁基羥基甲苯
306,辛亥革命
307,斯德哥爾摩
308,第三紀中新世
309,中華民國
310,高麗時期
311,靳雲鵬
312,1958年
313,無論
314,446種
315,神[UNK]古鎮
316,亞德港
317,布爾什維克革命
318,民主黨
319,彌爾
320,視錐細胞
321,1928年
322,期貨合約
323,100個大姓中，有十多個
324,300美元
325,米勒
326,大力發展體育事業
327,元世祖建國號
328,力自行車
329,數學
330,亞熱帶
331,經濟
332,
333,朱一貴
334,愛爾蘭島
335,發球失誤
336,銃炮
337,1959年
338,1980年代
339,凱·艾維
340,高句麗
341,1980年
342,希臘文
343,第四心音
344,2010年
345,武漢
346,1868年
347,托土拉島
348,美國
349,倫敦大學的名義
350,1888年
351,岡底斯山脈
352,1972年
353,語民族
354,三菱重工業
355,法西斯義
356,達到成為非洲主要經濟體的目標
357,克勞斯工藝
358,與丹尼索瓦人混血
359,忽必烈
360,中國
361,2003年
362,蝸牛狀
363,布列斯特-立陶夫
364,1955年
365,韓國
366,
367,1964年
368,史都華中校
369,1910年
370,鮮卑部
371,沙阿摩訶末
372,1958年
373,1955年
374,
375,摩市
376,中華民國政府
377,社團部
378,1916年3月22日在聖貞女瑪麗羅馬天主教堂結婚
379,電子郵件
380,
381,巴切萊特
382,2005年
383,
384,哥白尼
385,60年代
386,雙循環泵功能
387,1836年
388,日本國內市場狹小而無法發展
389,民國32年
390,使用大量優勢兵力向西擊敗法國然後再掉頭往東對付俄國
391,幅員遼闊
392,新疆建
393,受到材料與設計的影響
394,自然狀態」
395,路易·巴斯德
396,中部科學園區
397,辛亥革命爆發後，廣東於宣統三年九月十九日
398,1976年
399,傳記文學
400,第二次工業革命
401,突厥語
402,哈雷阿卡拉
403,坎貝爾式
404,8小時
405,樂壇女王
406,
407,國立廣東大學
408,亞伯拉罕諸教
409,六億七千多萬美金
410,妖怪
411,鈞官窯遺址
412,中文
413,酸鹼值
414,需要編制更完善和更嚴謹的命名規則
415,阿爾泰語系
416,李覺
417,信陽市
418,1000多年
419,美國空軍
420,會略
421,科技
422,媽祖
423,鮑德溫伯爵
424,
425,15米，面積為4000平方米
426,蘇丹南
427,雲騎尉
428,土地起伏大
429,1994年12月1日
430,太陽
431,那拉氏
432,辛酉政變
433,銅的礦物
434,便利商店
435,儒略日是在儒略週期內以連續的日數計算時間的計時法
436,慢病毒載體
437,陳誠
438,孫中山
439,德國單獨媾和
440,
441,中原大戰
442,1978年
443,
444,680.48
445,摩斯科格族
446,嘉義市
447,經濟作物也有較大發展
448,氣流機制
449,五角星圖案
450,帝國
451,奧斯陸是歐洲重要的航海工業
452,埃姆斯蘭高速公路阿31，它從東弗里斯蘭出發經過埃姆斯蘭到博特羅普
453,匿蹤性能較佳
454,中國共產黨中央政治局常務委員會
455,1939年
456,斯沃斯
457,昆明市區
458,盟旗制。維吾爾、布魯特、塔吉克等族地區則實行伯克制
459,臺南州
460,腓力二世
461,大陸內陸區
462,1867年
463,發球權
464,中華人民共和國
465,保守派
466,[UNK]++
467,《全唐詩》
468,1911年
469,1982年
470,七年
471,路易十四
472,德國物理學
473,梁朝偉
474,吳三連
475,1918年
476,米勒
477,1月8日
478,掃雷艇部隊
479,聯合對抗
480,內閣一
481,民國3年
482,1988年
483,波你尼所
484,東晉時期。「五胡
485,線傳飛控
486,韓朝
487,烏孜別克人
488,2555公里
489,國共內戰
490,[UNK][UNK]
491,茲維亞德·加姆薩胡爾季阿
492,大於100米
493,大型化
494,傅斯年
495,
496,1935年
497,
498,
499,中國政法大學
500,瓜拿納
501,中華
502,分光鏡
503,儒家思想
504,民國4年12月25日
505,文森特
506,1972年
507,社會主義最終實現共產主義。這與當時中國國民黨政治主張大相逕庭
508,貝爾根
509,
510,
511,
512,低稅賦
513,小選舉區制
514,
515,《中國教育改革
516,自由放任的態度
517,綠色工業
518,四年
519,段祺瑞出山任國務總理，最終段祺瑞
520,
521,萊萊
522,1902年
523,蝸頂
524,灣仔
525,非美元貨幣
526,雷達
527,2002年
528,天然氣
529,韋茲萊隱修院
530,學習維基媒體的頁面編輯工具被認為有挑戰性
531,第三次
532,雄性
533,經濟
534,《中華民國臨時約法》
535,蘿蔔糕
536,
537,恆河源頭帕吉勒提河
538,設楚雄彝族自治州
539,突出天空的遼闊高遠，以表現「天」的至高無上
540,歐洲
541,1932年
542,香港
543,民國四年
544,多倫多運輸局
545,
546,柵欄
547,1898年
548,法國民意
549,狄拉克
550,北魏太武帝
551,健康寫實電影
552,1956年7月
553,矮星
554,古生代晚期
555,伊爾庫茨克國立大學
556,合不勒汗
557,23406人
558,1789年
559,兩個
560,永康方巖
561,南韓
562,
563,國際合作局
564,總兵
565,阿普列尤斯
566,高鐵線路
567,西望樓
568,約翰•貝茨•克拉克獎
569,紐西蘭
570,英國
571,宗御
572,轟炸機
573,最佳射擊時機，提高一般飛行員的命中率
574,阿爾卑斯山
575,傳統上，史特拉斯堡是一個典型的航運與貿易之城。在中世紀
576,終止於大腦聽皮層
577,劉宋的行政區劃襲承東晉，實行州、郡、縣三級制。州
578,18個
579,積水潭
580,自由派
581,東北至外興安嶺
582,鋼鐵和陶瓷
583,1980年代
584,德國
585,路易斯安那
586,1930年代開始工業發展，包含機械工程、紡織、食品工業等等，另一方面1918年
587,甘肅省
588,9年
589,玫瑰盃
590,1941年
591,101公里
592,國務院常務會議
593,20倍
594,喬治亞共和國
595,1951年
596,逃離家園者
597,大部分的孩子
598,聯邦制
599,韓國
600,民權運動
601,信仰純化運動
602,瀕危物種
603,史都華依然故我
604,公民權
605,可再生能源發電的策略
606,
607,臺灣省臺北市
608,1928年
609,定向天線
610,霍布斯
611,1897年
612,中山盛產海鹽
613,南漢宸
614,市場分析
615,上海北站
616,2001年
617,家庭喜劇片
618,[UNK][UNK]
619,婦女
620,為了爭取諸王擁戴
621,
622,
623,基民盟，19位來自社會民主黨，9位來自自由民主黨
624,傳播色情
625,天然地
626,高速線哈大客運專線
627,第五區
628,權利及權力
629,1982年
630,漢武帝
631,以東地區，即韓國江原道的稱呼。湖南地區是錦江以南全羅南道和全羅北道的別稱。嶺南地區是小白山脈的竹嶺和鳥嶺以南地區，即慶尚南道和慶尚北道。大田圈指忠清南道和忠清北道
632,烏蘭巴托
633,義大利
634,
635,東晉常[UNK]解釋說
636,1958年
637,預言
638,商業合同任務
639,五桂山
640,竹[UNK]魚
641,嘉義市
642,三級產業
643,29個
644,民國27年
645,10月23日
646,人傳》
647,漢字詞
648,第二次世界大戰
649,5000噸級
650,君士坦丁堡
651,2015年年底前
652,古漢語文言文
653,22年
654,伊薩克
655,尼安三世
656,喜馬拉雅山脈
657,中華民國空軍
658,1964年
659,高麗時
660,2000項科學調查研究項目
661,[UNK]-15
662,明孝宗
663,新興世界
664,
665,1925年
666,照射紫外線
667,九一八事變
668,春秋時
669,住民宗教
670,閩江口
671,1899年
672,牟定縣
673,尼布楚條約
674,盲點
675,利奧三世
676,殖民主義
677,拒絕王公
678,
679,2000公厘以上，無明顯乾溼季之分；溫差小，平均溫約攝氏25~27度
680,調動人民勞動的積極性
681,麥克萊倫將軍卻與原先設定的溫和派政策不合，結果大多數好戰派民主黨人都投給了林肯。1865年內戰結束後不久，林肯遇刺身亡，其副總統安德魯約翰遜繼任總統，雖然約翰遜
682,赤城鎮
683,
684,羅非魚
685,下納瓦拉
686,水質好
687,憲法出爐後，總統選舉隨即在1848年
688,《諸羅縣志》
689,杜林
690,
691,一盤中戰至6比6時
692,民國39年
693,錯誤印刷
694,亞歷山大漢密爾頓
695,超新星
696,全斗煥
697,2007年
698,玫瑰盃[UNK]
699,
700,382年
701,軍隊編制問題
702,劉銘傳
703,韓國
704,1
705,梁朝偉
706,1923年
707,畢達哥拉斯
708,2007年末，大連整合兩條路面電車線路，實現貫通運行。2009年
709,苗族自治州
710,周瑜
711,有很大的區別
712,東晉
713,西寧王李定國
714,
715,公共健康與醫學領域
716,《新基本法令》
717,1962年
718,洪武三十一年
719,越南
720,奧匈帝國
721,中國
722,白矮星
723,咖啡
724,何無忌
725,階梯狀
726,漳州人
727,6個
728,1866年
729,良好行為
730,嚴濟慈
731,90年代
732,金日成
733,第5
734,吉爾·德·萊斯
735,西班牙瓦倫西亞
736,1789年
737,元惠宗
738,復仇之名
739,1898年
740,守舊派
741,中華人民共和國
742,李坦
743,中生代
744,約瑟普•布羅茲•狄托
745,
746,從未修改國會選區
747,安裝子宮避孕環
748,自延吉
749,
750,維多利中心
751,1.994公里/秒。恆星
752,食用菌
753,
754,
755,日本
756,恆星
757,鮮卑部
758,鮑德溫伯爵
759,1916年
760,1939年
761,砲兵科
762,安納群島
763,1984年
764,麥迪遜分校
765,毒性較
766,喀什噶爾
767,刺繡技術
768,外圍賽
769,周駿龍
770,民國16年
771,16世紀
772,文憲王
773,周恩來
774,馬略
775,至元十三年
776,儒家思想
777,70年代
778,西族
779,聖餐持紀念說
780,印度教經文
781,
782,木衛三
783,長沙太守
784,絕對零度
785,2002年
786,未及休息
787,歐洲國家
788,濃硫酸
789,科學之父
790,最後議
791,2010年
792,二氧化硫
793,1979年
794,第勒尼安海
795,江南社會
796,
797,宋朝的第十四位皇帝
798,阿拉里克
799,南京市
800,共和黨
801,中宮寺
802,現場情景
803,1976年
804,台灣
805,1949年
806,麻省
807,純銅
808,1946年4月20日
809,部隊局
810,1449年
811,1970年
812,永曆帝
813,驅逐艦
814,孫叔敖
815,托爾金
816,
817,第265任
818,任何有效措施來預防感染
819,斯德哥爾摩
820,足夠
821,金像獎
822,1939年
823,《產假和保護婦女兒童權利法》
824,
825,[UNK]州縣
826,高句麗
827,絲路也能保持暢通
828,公元7世紀
829,管理制度
830,
831,匈牙利的布達佩斯
832,1979年
833,高句麗
834,寧都會議後「未曾向主席求教過一次，現在反省起來，對照主席在寧都會議的臨別之言，我真無地自容」。1933年1月，中共臨時中央由上海遷入蘇區
835,
836,相約成俗
837,
838,妖怪學
839,1987年
840,[UNK][UNK]
841,東部
842,
843,汪精衛
844,陳平順
845,主序帶
846,厄德
847,高架路線
848,1960年
849,35號決議
850,青銅時代
851,天皇
852,強盛大國
853,德國人
854,2007年
855,羅馬帝國
856,自身的重力開始塌縮
857,路加是希臘人
858,生物演化發生
859,1988年
860,韓國
861,李之藻
862,全國大選中保持著對總統和議會位置的控制權，黨派的得票率始終在70%以上。一般認為盧安達愛國陣線屬圖西族
863,法文老師
864,火山
865,民國四年，廉興
866,生雌配子
867,印地語
868,太陽
869,康熙帝
870,土地起伏大
871,第二產程
872,
873,學科專業
874,中國科學技術大學校長管惟炎、中國科學技術大學副校
875,咖啡
876,倫提尼安一世
877,2000年6月與金正日
878,韓國高鐵
879,美西戰爭
880,尊漢思想
881,蒂羅爾
882,山峰比
883,平均每2300人就擁有一家便利商店，為全球最高
884,民主黨
885,
886,文學作品
887,劉宋建國元年420年，交州刺史杜慧度
888,憲政改革
889,英國
890,斯塔福德郡
891,元熙二年
892,劉少奇
893,2002年
894,兒童接受義務教育
895,
896,東德使館
897,日華沙現址上第一次修築了防禦工事的兩個城鎮是波丹路及澤斯杜維。澤斯杜維被攻擊之後，一個同樣新的城鎮在一條小漁村地址上建成，稱華斯索華。14世紀初該鎮成為馬佐夫舍公爵
898,1989年
899,0.4太陽質量
900,天然地
901,馬可波羅
902,阿爾巴尼亞
903,鐵路局
904,離岸人民幣
905,要求俄國在12小時內取消總動員，俄國對此通牒置之不理
906,第四次迦太基大會
907,自主選擇權
908,太陽來說，估計它的壽命有一百億年。大質量的恆星燃燒燃料的速度快
909,加拿大軍隊
910,120天
911,歐洲
912,文藝復興運動
913,行為不檢點
914,文藝復興式
915,
916,1585年
917,1989年
918,博特羅普
919,民主德國廣播電台
920,現代的望遠鏡
921,1584年
922,
923,媒體維基
924,數目可觀的忠實讀者。科幻小說藉此保持了旺盛的文學生命力和商業上的活力
925,2000年
926,67個
927,
928,2000年
929,-立陶夫
930,黑龍江
931,私立大學的數目
932,三座
933,中興街
934,石虎
935,林紹良
936,俗雲萬里石塘
937,漢字詞
938,[UNK]稻
939,宋真宗
940,絕對值
941,美國聯邦調查局
942,9月
943,由於其副汗或小汗多帶有伊利的的稱號
944,唐德剛
945,路易十四
946,韓國
947,0.07個
948,閩南人
949,民國28年
950,李煥之
951,昆明市區交通
952,核膜間隙
953,石排灣
954,正教
955,八角鼓
956,無法支付高於20億馬克的賠款
957,
958,1640年
959,徐載弼
960,蒙哥
961,亞爾薩斯
962,芝加哥大學
963,
964,減低阻力
965,紐格威森林
966,2013年
967,拿破崙
968,
969,公元96年
970,香港
971,市場經濟
972,1963年
973,亞歷山大六世
974,1789年
975,悼念周恩來集會
976,20世紀60年代
977,1958年底
978,
979,再南為涵元門，內
980,吉爾吉斯
981,漢文
982,12次
983,科學社會學
984,1138
985,憲法
986,德國
987,聯合國
988,
989,內陸地區
990,政府官方
991,白[UNK]紀滅絕事件，50%的生物滅絕，包括所有的恐龍。大多學者認為有一顆彗星撞擊地球，引起特大氣候變化
992,毒品一向素
993,異端邪說
994,1252年
995,元朝
996,1932年
997,1972年
998,新式鐵製蒸汽船
999,長子文森特
1000,環境保護主義或環保主義，是旨在保護環境、推進生態環境健康的寬泛的哲學、意識形態和社會運動，這種健康特別是指包含非人類因素的問題。環境保護主義
1001,比例代表制
1002,1946年
1003,工農紅軍
1004,基本食物的短缺
1005,軍事執政初期
1006,印第安納大學
1007,矮星
1008,修道主義
1009,最近幾年法國和德國的密切合作
1010,亞歷山大漢密爾頓
1011,中國國務院
1012,1960年
1013,黨委員長，2016年6月的最高人民會議上獲推舉為國務委員會委員長
1014,紐約尼克
1015,西班牙
1016,一街區
1017,恆星轉動體
1018,第二代戰鬥機
1019,雷家驥
1020,9月2日
1021,世爵制度
1022,
1023,伊薩克二世
1024,馬克西米安
1025,與基因組整合或作為染色體外[UNK]存在
1026,麥克阿瑟
1027,清田賦問題而爆發「公道大王」施九緞事件
1028,武漢行營副主任
1029,為了躲避戰亂
1030,朝鮮半島
1031,64%
1032,馬爾吉特
1033,東歐保護人民
1034,1823年
1035,漢字詞
1036,三人團
1037,時代晚期
1038,166年
1039,荀子
1040,集團軍
1041,西南大學
1042,網際網路版權問題的存在
1043,愷撒
1044,朝鮮語
1045,倫敦霍洛威
1046,佛教，並看一些佛經，自覺頗有心得。甚至在新竹時，還與一些佛教法師一起討論佛法。早年在台灣山區，某次宋美齡來看他，發現他對佛教
1047,烏爾蘇拉
1048,1980年
1049,大陸橫越
1050,對中華民國的外交處境造成嚴重衝擊
1051,挪威
1052,絕非好戰
1053,夏洛特請求拿破崙提供支援，遭到拒絕。她隨後患上了精神疾病
1054,
1055,英國
1056,
1057,中文
1058,四帝共治制
1059,1060公釐
1060,1939年
1061,藏王被刺殺後，其兄安原王
1062,孫堅征荊州劉表
1063,荊湖占城
1064,北平綏靖公署主任張學良轉任軍事委員會北平分會副委員長
1065,英美法系
1066,石油危機
1067,秦朝與漢朝
1068,峽灣
1069,1920年
1070,硫代硫酸氨
1071,漢字借音
1072,89萬人
1073,1912年
1074,1627年
1075,環境污染
1076,羅德城座
1077,孫中山
1078,春季
1079,北角各區則屬臺灣基隆地方法院
1080,戴克里
1081,6世紀
1082,98所
1083,
1084,一盤中戰
1085,121所
1086,鹿兒島
1087,兩個
1088,破四舊
1089,三次
1090,最精銳一路
1091,梵語
1092,張學良將郭松齡一同帶至奉軍服務。7月9日，直皖戰爭起，張學良衛隊旅改為奉天第三混成旅，仍由張學良任旅長，郭松齡
1093,蠟、脂肪、油、香料、生物鹼、橡膠等的溶劑
1094,邊督辦公署
1095,水路
1096,1967年
1097,火炮
1098,1932年
1099,正中元年
1100,世稱恭順
1101,河川
1102,抗日戰爭
1103,無財產者
1104,南越國
1105,汗位取得不合法與崇尚漢法
1106,傑弗里·德維爾阿杜安
1107,填海則是1994年4月建造會議展覽中心二期時進行，以及現時的灣仔填海計劃第二期，將成爲日後「灣仔北
1108,帕塔普斯科河
1109,1945年
1110,義熙十一年
1111,高速攝影
1112,赫爾辛基
1113,《男人四十》
1114,羅馬帝國
1115,1847年
1116,辛亥革命
1117,文淵閣大學士史貽直等。唐代詩人李白
1118,合會朱陸
1119,幾個
1120,坦尚尼亞
1121,塞爾維亞
1122,錫克教
1123,爵位
1124,天下人
1125,蔣經國
1126,提姆·柏內茲李
1127,朱序
1128,有利於推行人民幣計價結算
1129,中國教育狀況
1130,1992年兩國建交以後
1131,康拉德·阿登納
1132,東北亞
1133,聖奧古斯丁
1134,公元185年
1135,弱勢群體
1136,大正天皇
1137,第一教學樓
1138,後世不少朝代
1139,義輝之弟
1140,主導戰爭
1141,中華人民共和國衛生部
1142,強調人人平等
1143,斯拉夫人
1144,第4
1145,聯邦制
1146,1799年
1147,
1148,德國
1149,七月初
1150,英國大約有2萬個家庭擁有電視機，美國
1151,
1152,民國36年
1153,三個
1154,中華民國
1155,2次
1156,拋秧
1157,七個州
1158,
1159,盧安達
1160,12個
1161,羅馬轉寫表示
1162,高血壓日
1163,反映出資產負債表中各個項目對現金流量的影響
1164,古羅馬文學
1165,
1166,德川家康
1167,空射火箭
1168,1836年
1169,拜占庭帝國
1170,遠超上海
1171,德里克·羅勃茲
1172,伊斯蘭教
1173,
1174,
1175,滬昆高速公路
1176,第二產程
1177,德國稱德法戰爭，是普魯士為了統一德國，並與法國爭奪歐洲大陸霸權而爆發的戰爭。戰爭是由法國
1178,
1179,本頓
1180,張家灣
1181,適合全家人一起觀看
1182,《血盟救國軍軍歌》
1183,沿海地區，特別在廣州
1184,聽診器
1185,約瑟芬皇后安排
1186,唯泰主義
1187,2.7％
1188,兩岸經濟合作架構協議
1189,
1190,自由主義
1191,1874年
1192,聲音
1193,什錦麵和皿烏龍麵
1194,李克強
1195,河東道
1196,[UNK]++
1197,古老
1198,自然環境
1199,韓國
1200,山西劃
1201,63個
1202,46公里長
1203,二世紀
1204,伽利略
1205,義陽
1206,王亞南
1207,1924年至1926年
1208,蔭戶不承擔國家賦役
1209,12個
1210,大氣層主要
1211,
1212,[UNK]州縣
1213,
1214,英國
1215,美國大學協會
1216,考察中國教育狀況
1217,郭素
1218,開京
1219,美國大蕭條時期
1220,為了解決元成宗時期的財政危機
1221,伊薩克
1222,良好行為
1223,蔣介石
1224,印度國大黨
1225,受通古斯人壓力
1226,喇嘛教
1227,鎌倉時代
1228,太陽風
1229,以建設中國特色社會主義
1230,劉裕
1231,阿里烏教派
1232,鮑德溫伯爵
1233,佛教
1234,中世紀時期
1235,東正教
1236,臺北市
1237,鄧小平
1238,南斯拉夫
1239,武陵
1240,殺蟲
1241,法國大革命
1242,韓國黨
1243,否決權
1244,二十世紀
1245,杜充
1246,加拿大
1247,1898年
1248,義大利汽車之都
1249,減低阻力
1250,細胞膜
1251,補機用
1252,聖喬治拉丁文學校
1253,1260年
1254,1948年12月1日
1255,
1256,戊寅靖社
1257,魏博拉盧比民達行業工會
1258,春季和夏季
1259,性別演化
1260,三蘭港
1261,廣東省
1262,安德魯約翰遜
1263,普林斯頓大學建築系；在美國空軍
1264,歷時83年
1265,釣魚台國賓館
1266,羅馬教皇
1267,解釋恆星內部和恆星演化的模型被成功的發展出來
1268,民國15年
1269,金融廳
1270,希洛克勒斯
1271,約翰·莫根
1272,臺灣
1273,發動機
1274,日美神奈川條約
1275,北京市
1276,硫代硫酸氨
1277,哈利里德
1278,低可偵測性
1279,柏拉圖
1280,波蘭人
1281,
1282,以失敗告終
1283,瑞派克路
1284,我們說相聲》
1285,二人
1286,1880年
1287,[UNK]
1288,2間
1289,被歸入的上層學科
1290,遠比普通語
1291,傑里·威斯特特
1292,粳稻和[UNK]稻
1293,挪威
1294,1800個
1295,國務院
1296,清朝沒有誠意
1297,轉變
1298,古希臘人
1299,臺灣植物
1300,1913年
1301,使命乎合土地撥贈法案的要求
1302,德魯修斯
1303,費城76人
1304,腓力五世精神上的缺憾使他無法繼續執政，或是腓力五世希望繼承法國國王王位所以先行退位
1305,牡丹峰樂團
1306,印度
1307,3座
1308,寧主簿
1309,下薩克森邦
1310,朱利烏斯·凱撒
1311,22省之一，為華北六省之一。簡稱為「豫
1312,1919年
1313,
1314,亞歷山大·羅德
1315,排灣族
1316,社會服務管理學院
1317,普選制度
1318,國號
1319,年
1320,1995年
1321,民主黨
1322,秧苗
1323,過去之一綱
1324,488年
1325,病態賭徒
1326,國務院組成部門
1327,航太
1328,周敦頤任分寧主簿
1329,內蒙古
1330,
1331,1906年
1332,美國
1333,較便宜的鐵
1334,普羅斯佩·梅里美、維歐勒·勒·杜克
1335,廣東省
1336,玫瑰盃
1337,羅馬法
1338,心理學
1339,希臘
1340,拉丁字母
1341,《[UNK][UNK]條約》和《北京條約
1342,卡普拉一通電話之邀
1343,聯邦成員國
1344,克拉克望遠鏡
1345,生物質
1346,社團部
1347,空氣汙染
1348,
1349,類比訊號
1350,回族
1351,視錐細胞
1352,交通阻塞
1353,威廉二世
1354,遵義會議
1355,瀧川的這一主張，遭到了貴族院
1356,君士坦丁大帝
1357,國際網球總會
1358,10月9日
1359,阿爾法版本
1360,朱棣
1361,外交手段
1362,1887年
1363,2008年歐洲足球錦標賽是第十三屆歐洲國家盃，於2008年
1364,畢達哥拉斯
1365,2002年
1366,1918年
1367,阿普伽
1368,史魯宗
1369,為了進一步驅逐西班牙勢力，荷蘭人於1642年攻佔了西班牙的佔領的雞籠地區，趕走了西班牙人。荷蘭所侵佔建立的殖民王國，是臺灣歷史上第一個有系統統治的政權
1370,大韓帝國
1371,2012年
1372,農桿菌將天然地將遺傳物質插入植物細胞中。在生物動力學
1373,印度洋暖濕氣流
1374,太白山脈
1375,尊丹巴
1376,飛行速度高
1377,民國三十四年
1378,太白山脈
1379,一萬
1380,25個
1381,毛澤東
1382,1980年
1383,1985年
1384,18世紀
1385,顯示自己的獨立自主
1386,16世紀
1387,九龍灣商貿區
1388,1971年
1389,1997年
1390,默頓學院
1391,張學良
1392,稻米
1393,1914年
1394,以批判美國的外交政策
1395,
1396,能夠當做燃料
1397,上女性
1398,40倍
1399,1956年
1400,白色
1401,1856年
1402,
1403,四人幫
1404,王光美
1405,理察·科伯恩·麥克勞林
1406,東德建立了就業保障制度，且與西德
1407,1624年
1408,15%
1409,江青等人一起前往「華北聯大」作題為《中國抗戰形勢》的報告，途中江青所騎[UNK]子
1410,奈及利亞
1411,美國人
1412,1979年
1413,0.4太陽質量
1414,農田
1415,高地德語
1416,2005年4月19日
1417,1973年
1418,無嗣失權」政策
1419,參與中央蘇區
1420,科學家
1421,10萬人
1422,明太祖
1423,抗佝[UNK]病
1424,南島語系的馬來-玻里尼西亞語族
1425,圖西族
1426,預算
1427,政治行動
1428,路易斯·亨利·摩爾根
1429,元代
1430,43人
1431,連線
1432,桓玄皇
1433,伸展台模特兒
1434,三層神經細胞和兩層
1435,麻赫穆德·喀什噶里
1436,古巴共產黨
1437,索契」一詞，都是來源於當地土著
1438,2005年9月
1439,最高榮譽大獎
1440,錫克教
1441,1986年
1442,史都華
1443,
1444,
1445,阿布拉莫夫
1446,英語
1447,徐樹錚
1448,明太祖
1449,未能
1450,英屬維京群島大約由60個半熱帶加勒比海島嶼所組成。群島內的島嶼大小不一，最大的托土拉島長達12公里，而最小的島嶼小得不宜人居。英屬維京群島全都坐落於維京群島
1451,相關研究
1452,
1453,南朝鮮
1454,查莫洛社會
1455,
1456,法國
1457,大學
1458,九龍灣
1459,南遷廣州
1460,阿拉伯宗教
1461,陳朝
1462,25萬名
1463,有色人種
1464,聯合任何
1465,漢諾威
1466,高清付費頻道[UNK]高清影視頻道開播。2008年，中央電視台高清影視頻道
1467,
1468,遵守蘇聯對外蒙古領土的一切主張
1469,主體史學
1470,心室底壁組織
1471,同年
1472,1884年
1473,第二產業
1474,德國
1475,杜登
1476,總能量
1477,展開針
1478,葉爾羌汗
1479,最高峰查亞峰
1480,正德十一年
1481,計受突擊
1482,法國
1483,峽谷河
1484,闡述
1485,
1486,200萬立方公尺
1487,黑龍江
1488,2003年
1489,維多利中心
1490,新界原居民
1491,蔣中正
1492,藤原
1493,印度教
1494,頻率理論難以解釋人而對聲音頻率的分析。因為基底膜
1495,有性生殖是指雄性和雌性生物將其基因特質混合重組
1496,魔鬼終結者2，侏羅紀公園都有大量的電腦動畫
1497,為免兩國爆發戰爭
1498,巴塞隆納奧運
1499,細毛
1500,阿拉巴馬州
1501,猴祭
1502,戰鬥機
1503,2013年
1504,主要用作客車整備
1505,1980年
1506,1958年
1507,納戈爾諾-卡拉巴赫
1508,孟德爾遺傳模式傳遞給後代
1509,西班牙
1510,《時代》
1511,極權主義
1512,斯特-立陶夫斯克條約》
1513,路易·勒沃
1514,布列塔尼半島美國
1515,不可或缺
1516,曼諾球場
1517,南琅琊郡寄治在江乘縣的金城。金城
1518,愛德華一世
1519,細毛
1520,民國二年
1521,香港教育水平
1522,張莊耶穌聖心
1523,蓋茲
1524,陸秀夫
1525,東南亞資本
1526,領土分裂出馬其頓、塞爾維亞、波士尼亞與赫塞哥維納、克羅埃西亞、斯洛維尼亞、蒙特內哥羅等六個受聯合國承認
1527,《塘沽協定
1528,四衛拉特
1529,1897年
1530,巴拉克·歐巴馬
1531,2008年1月27日
1532,關心人類價值和環境品質的人本主義
1533,新增決策局
1534,杭州[UNK]橋機場
1535,
1536,為了維持國內穩定
1537,總督
1538,
1539,衛奕信
1540,非歐幾里得幾何
1541,2009年
1542,
1543,忽必烈
1544,縣政府
1545,未來以任何方式
1546,惠金斯原理
1547,黑龍江
1548,電子、化學、海洋及潔淨工程學
1549,參議院一
1550,2010年
1551,漢族四大世侯
1552,喬托號
1553,
1554,烏里雅蘇臺將軍
1555,拿破崙為「社會主義皇帝」。聖西門主義
1556,1949年撤遷臺灣前
1557,蔡[UNK]
1558,德國
1559,十年之力，廢於一旦」
1560,奧地利
1561,
1562,
1563,羅馬共和國時期
1564,細毛
1565,韓國
1566,堅尼地道之間
1567,圖西族
1568,魏博拉盧比民達行業工會向茂宜島上的四大蔗糖種植園發起了最後一次聯合罷工，要求獲得更高的工資並開除五名
1569,五個
1570,張三祿
1571,15世紀以前
1572,百老匯出演
1573,孫權
1574,高血壓
1575,南燕
1576,《中國郵政集團公司章程》
1577,呼籲依法保護、恢復並改良自然環境
1578,大部分
1579,環境保護主義
1580,773年
1581,懷柔區
1582,七間
1583,
1584,光緒十年
1585,1970年代
1586,普通
1587,歐洲足球錦標賽
1588,肌源性的
1589,哈雷阿卡拉
1590,七個
1591,安定兩土司
1592,空面值郵票上加蓋面值出售。這種電子郵票一般無齒孔，分有無背膠兩種。是1981年西德
1593,霜雪。夏季炎熱，常有乾旱
1594,愷撒
1595,臺北市
1596,甲午戰爭
1597,米倫科·韋斯尼奇
1598,1910年
1599,捷克語
1600,1935年
1601,《英華字典
1602,8.6%
1603,袁晁
1604,阿根廷隊
1605,歐洲聯盟
1606,天壇建築的主要設計思想就是要突出天空的遼闊高遠，以表現「天」的至高無上。在布局方面，內壇位於外壇的南北中軸線以東，而圜丘壇和祈年壇
1607,美國
1608,美國
1609,制人
1610,
1611,
1612,三民主義政治理想
1613,
1614,青光眼
1615,社會主義
1616,學會部
1617,1985年至1989年，梅艷芳在十大勁歌金曲頒獎典禮連續5屆奪得最受歡迎女歌星，在1989年
1618,
1619,5位
1620,芽孢炭疽桿菌
1621,1945年
1622,北宋
1623,百老匯
1624,1988年
1625,第二
1626,英國
1627,
1628,1867年
1629,鐵鉉
1630,傑里·威斯特特
1631,《義勇軍進行曲》
1632,美利堅聯盟
1633,卡洛·埃馬努埃萊一世
1634,吉爾吉斯
1635,流域
1636,先來後到的土地分配衝突
1637,重力收縮
1638,勒拿河
1639,厄德
1640,羅馬共和國中後期
1641,由於當時儒教興盛
1642,巴夏禮拒收
1643,克里斯蒂安四世
1644,克萊門森級
1645,高速線哈大客運專線
1646,南部沿海和濟州島
1647,1937年
1648,拿破崙三世
1649,傑弗里·德維爾阿杜安
1650,約翰·莫根
1651,氧化緩慢，所以一般視為具有耐腐蝕性
1652,1852年
1653,咖啡
1654,中國應該統一」
1655,1972年
1656,防禦重點是江淮地區
1657,汪精衛
1658,體育部
1659,斜方晶
1660,直系軍閥
1661,水牛城勇士
1662,孫中山
1663,七月二十四日
1664,賽丁泉天文台
1665,殖民政策
1666,[UNK]染色體
1667,美國
1668,16世紀以後
1669,大陸性氣候
1670,細胞分裂
1671,納瓦拉王國
1672,邱行湘，現代書畫家、美術教育家姜丹書，孫文的秘書狄侃，民國作家王平陵，民革的中央常委許聞天，歷史學家、文學家繆[UNK]，銅版畫家陳曉南
1673,石牆郡
1674,皖系軍閥
1675,楚州人
1676,
1677,1967年
1678,主人
1679,徐樹錚
1680,劉毅
1681,將原「布政司署」改稱為「政府總部」
1682,1861年2月9日
1683,家康
1684,文字
1685,安托萬·拉瓦錫
1686,伊斯蘭教
1687,光度規則
1688,周公據
1689,參議院
1690,重要的財源
1691,680.48盧安達法郎
1692,
1693,加藤清正
1694,經濟蕭條
1695,世族
1696,共
1697,大陸黃金十年
1698,民國33年
1699,1270年
1700,動力系統
1701,三個
1702,孫中山
1703,蒙古帝國
1704,漢武帝
1705,江河級
1706,1996年
1707,
1708,脈搏
1709,親南方的巴爾的摩市民圍攻，士兵向市民開槍後導致了巴爾的摩暴亂
1710,香港天文台是香港特別行政區政府部門及聯合國屬下的世界氣象組織
1711,公元96年[UNK]192年
1712,海河流域
1713,
1714,約700家
1715,第九屆中國溧陽茶葉節
1716,由於全市綠化比例高
1717,請求拿回兵權
1718,澳大利亞
1719,和林哈拉
1720,民國三十七年
1721,7980年
1722,2010年
1723,青島海軍基地
1724,絲路
1725,日本各[UNK]鐵路公司
1726,周恩來
1727,塞爾維亞
1728,腓特烈大街車站
1729,鉀離子通道
1730,黎元洪
1731,迪群股份有限公司，1964年張正式
1732,緬甸軍
1733,第二次世界大戰
1734,1961年
1735,白色
1736,蔣中正
1737,1966年
1738,奈特·麥克米蘭
1739,公元10世紀
1740,1977年
1741,白色
1742,自由聯合
1743,
1744,英國
1745,不依照法定程序進行逮捕、勞教、監視和限制通訊與人身活動
1746,《劃一現行各道地方行政官廳組織令》
1747,論語疏云
1748,西柏林地區
1749,蒸汽膨脹
1750,隋[UNK]帝
1751,副熱帶季風氣候區，全年雨量多而平均，月平均最低溫為一月份的攝氏12.4度，月平均最高溫發生於七月份的攝氏33.6度。全市極東點在貢寮區田寮洋子萊萊
1752,日本
1753,美國心臟學會
1754,大英帝國
1755,《八篇書
1756,塞爾維亞
1757,阿爾薩斯-洛林
1758,路易十四
1759,合作派與抵抗派
1760,自殺
1761,泰晤士河
1762,
1763,1990年代
1764,桃花石汗
1765,24%
1766,韓國
1767,後現代主義設計
1768,1807年
1769,媒體維基」一名，因而經常造成混淆
1770,大會
1771,西安招待所
1772,前12年
1773,安德魯•傑克遜
1774,民間
1775,郵值標籤
1776,拜占庭帝國
1777,1989年
1778,宙斯
1779,農耕節
1780,俄國革命
1781,
1782,李[UNK]
1783,開局
1784,敵我性質
1785,動物命名法
1786,愷撒
1787,一百億年
1788,會稽虞氏
1789,英國
1790,木衛一
1791,
1792,1993年
1793,外蒙古
1794,張聞天
1795,嶄露頭角
1796,傅斯年
1797,五個
1798,找到爆炸地點
1799,安大略湖
1800,羅非魚
1801,語言
1802,劉駿
1803,峽谷河段
1804,53.3%
1805,美國
1806,詹姆斯·史都華
1807,公權力
1808,七歲時，父趙希[UNK]逝世，生母全氏帶他及弟趙與芮返娘家，三母子在全氏在紹興當保長的兄長家寄居，一直到趙與莒十六歲
1809,主要用於保護我方運用空權以及摧毀敵人
1810,1928年
1811,5個
1812,[UNK]時的黑體輻射
1813,曼哈頓
1814,清咸豐年間
1815,弗拉維烏斯·奧古斯
1816,我們
1817,北海道
1818,甲醇
1819,高句[UNK]
1820,因為牛隻列印問題
1821,塔蘭托
1822,
1823,中國
1824,
1825,1941年
1826,細胞核
1827,蒸汽膨脹
1828,十月革命
1829,俄語名為薩哈林島、日語名為樺太島是俄羅斯
1830,過高指標
1831,選舉人數超過三百萬
1832,1943年
1833,多倫多市
1834,顯性文明[UNK][UNK]可見
1835,9倍太陽質量
1836,儒勒·凡爾納
1837,硫是一種非常常見的無味無臭的非金屬，純的硫是黃色的晶體
1838,資產負債表
1839,德川家康
1840,
1841,矮星
1842,徵求改制後的新市名，並舉行網路投票
1843,南朝鮮」；直至1992年兩國建交以後，才改
1844,
1845,公爵博物館
1846,泰勒斯
1847,32.8%
1848,公民投票
1849,鮑羅廷
1850,義大利
1851,紐格威森林
1852,13倍
1853,
1854,《紅樓夢》
1855,1932年
1856,1970年
1857,滇軍在雲南
1858,17世紀初
1859,電子郵票
1860,儒字
1861,突厥
1862,三蘭港
1863,馬克思主義的興起引致俄國
1864,成熟階段
1865,自然本性
1866,
1867,1950年代
1868,缺氧新陳代謝
1869,湯·韋迪加
1870,托木斯克州
1871,傑弗里·德維爾阿杜安
1872,航太
1873,雙位數的百份率增長
1874,中國通俗文化
1875,腓特烈二世
1876,
1877,2000年
1878,1932年
1879,傳統儒家思想
1880,路易
1881,戈翁
1882,臺灣
1883,強調人人平等
1884,1865年
1885,周叔蓮
1886,1924年
1887,德國財政局
1888,平均月收
1889,徐樹錚
1890,法國
1891,詹姆斯·梅特蘭·史都華，暱稱吉米·史都華
1892,周恩來
1893,軍隊士氣低落
1894,後續效應有害
1895,民進黨
1896,法國教士
1897,洛厄爾天文台
1898,加拿大式雙打
1899,三名
1900,原子彈爆炸
1901,金門
1902,3569.5公里
1903,元胡三省
1904,2006年
1905,內閣
1906,1973年
1907,多倫多
1908,京大校園
1909,約翰·洛克菲勒
1910,1960年代末
1911,1815年
1912,甘迺迪
1913,字喃
1914,核膜間隙
1915,半總統制國家轉變為議會制
1916,1977年
1917,穆拉維約夫起草的東西伯利亞喇嘛教
1918,第三次
1919,五分之一
1920,《德意志語言正字大詞典》，又名《杜登詞典》
1921,[UNK]遊戲
1922,這座
1923,類似片
1924,英國
1925,在美國硫酸是所有生產得最多的化合物
1926,德國
1927,水門事件醜聞
1928,斯364線
1929,閻錫山
1930,1997年
1931,托爾金
1932,龍興
1933,中國政府
1934,阿伊努人
1935,約瑟普•布羅茲•狄托
1936,3.8%
1937,風能
1938,艾森豪
1939,270萬平方公里
1940,
1941,帕西瓦爾·洛厄爾建立的，並且有一陣子是由他的第三代堂兄蓋伊·洛厄爾掌管，現在受委託的管理人是威廉·洛厄爾·普特南
1942,二二八事件
1943,紅色
1944,澎湖
1945,二氧化硫可以在肺中與水結合成亞硫酸，亞硫酸
1946,一定程度
1947,1998年
1948,2010年
1949,毛澤東
1950,
1951,高輻射的環境
1952,維基媒體
1953,生物質
1954,1939年
1955,清朝末年
1956,德川家康
1957,他的哲學原理研究
1958,2001年
1959,氣候溫和
1960,維京群島
1961,1431年
1962,鄧穎超
1963,希臘柱式
1964,音樂
1965,為了提防燕王謀反，朱允[UNK]派工部侍郎張[UNK]為北平布政使
1966,奧地利
1967,土耳其
1968,以邁向生產力理論
1969,希波大會
1970,總統府仍留守南京
1971,
1972,淋巴液
1973,斷罰出征
1974,1901年
1975,君臣同治」、「同於順治」的垂簾聽政。同治帝於五歲即位，由二十六歲的生母慈禧皇太后掌權，而一直在母親慈禧太后的控制下，於十八歲
1976,近年
1977,農歷新年時吃元宵、年糕及蘿蔔糕；在端午節
1978,今天
1979,音速巡航
1980,1312年
1981,1888年
1982,
1983,
1984,希洛克勒斯
1985,八大
1986,日抗戰
1987,1989年
1988,元武宗
1989,天文學家
1990,毛澤東
1991,美國
1992,國際非政府組織
1993,伊拉克戰爭期間
1994,中部科學園區
1995,參加野台
1996,隋[UNK]帝即位後，出兵擊破吐谷渾，西突厥也被迫投降，重新控制敦煌，絲綢之路再度打通。大業三年復置敦煌郡
1997,1943年
1998,1893年
1999,收容遣送制度
2000,中國國民黨黨員
2001,《寂靜錢鍾書》
2002,狄拉克是出了名的精確與沉默寡言
2003,金黃飽滿
2004,開放邊禁，採取移民實邊的政策
2005,馮弘處死
2006,黨
2007,核融合也不能繼續產生新的元素，所以未來只能經由重力塌縮來產生進一步的能量。在主序帶上的「歐」型恆星，半徑約為太陽的8倍，發光度
2008,劉少奇
2009,臺灣
2010,1950-1980
2011,
2012,中國大陸政府展開人權領域的對話與合作
2013,尼加拉瓜
2014,幾何學
2015,1998年1月1日
2016,《風之國度》
2017,東歐保護人民
2018,爾丹
2019,可以超越保民官的特權
2020,11世紀
2021,阿普列尤斯
2022,德國人、義大利人和來自東歐的猶太人。華人、俄羅斯人
2023,總能量
2024,尋求美國政府援助，1979年12月國會通過克萊斯勒貸款法案
2025,省務會議
2026,1610年1月7日
2027,荷蘭
2028,喬治亞共和國
2029,1835年
2030,催淚彈鎮壓
2031,衛星電視的傳輸過程一般為：通過衛星將地面基站發射的微波訊號遠距離傳輸，最終用戶使用定向天線
2032,武加大
2033,低自轉
2034,伯利恆修道院
2035,1992年
2036,1987年
2037,
2038,1847年
2039,唐睿宗
2040,1966年
2041,不動產
2042,韓國歷史
2043,林肯
2044,
2045,蒙古
2046,曼尼托巴省的農業發展提供了條件。規模化
2047,軍校任上尉
2048,1599年
2049,3個
2050,赤[UNK]角
2051,
2052,
2053,普魯士
2054,高句麗
2055,鞭長莫及
2056,溧陽籍
2057,社團部
2058,林肯
2059,米洛舍維奇政權倒塌，溫和派領導人科什圖尼察
2060,7.64萬平方公里，人口約49.3萬人
2061,婦女投票權
2062,500毫升
2063,古代
2064,民國四年
2065,蒙古人
2066,正德十一年
2067,
2068,愛爾蘭島
2069,冬季奧
2070,劉少奇
2071,意圖在華中會合
2072,瀧川
2073,莫高窟
2074,電穿孔細胞
2075,決心儘早訪問中國
2076,13次
2077,1924年
2078,梁啟超
2079,期貨合約
2080,臺灣
2081,義大利行省經濟的敗壞
2082,米高梅以及20世紀福克斯的試鏡，還曾在華納兄弟的電影中露過面，不過華納和福克斯都沒有進一步接觸史都華
2083,彌次郎的引介之下，攜同兩位耶穌會士經麻六甲海峽，輾轉抵達彌次郎的家鄉－日本南部九州的鹿兒島
2084,外傭達
2085,客運用電聯車
2086,煤煙消除會
2087,威廉·赫歇爾
2088,非逃港者
2089,柏拉圖
2090,實踐中教法
2091,塔蘭托戰役
2092,下納瓦拉
2093,阿爾卑斯山
2094,孫中山
2095,1998年
2096,漢馬伏波
2097,一億光年
2098,1995年
2099,紅矮星
2100,日語
2101,阿爾法級別
2102,19世紀到20世紀高地德語開始代替當地的語言。在這之前
2103,草本
2104,涵元殿
2105,奧斯卡·赫特維希
2106,1971年
2107,漢諾瓦
2108,段祺瑞
2109,無痛分娩
2110,民國18年
2111,俄羅斯人
2112,1913年
2113,法國東部
2114,灣仔
2115,拉丁語
2116,外籍人士
2117,畢達哥拉斯
2118,愛格思海金斯
2119,苯教
2120,第53
2121,愛德華一世
2122,大教堂
2123,一次世界大戰時期
2124,大量安眠藥
2125,史坦波中心
2126,《科學怪人》
2127,富蘭克林·德拉諾·羅斯福
2128,第一架
2129,泰國
2130,布政司署
2131,
2132,司馬休
2133,中共中央副主席
2134,
2135,細胞膜
2136,第二殖邊督辦公署
2137,安定
2138,
2139,燕王朱棣起兵造反，援引《皇明祖訓
2140,1569年
2141,長崎縣
2142,申城
2143,德川家
2144,河川
2145,自然環境
2146,香港村
2147,反托拉斯法系統
2148,1925年
2149,港英政府
2150,德國
2151,亞熱帶地區，大部分種類是草本，也有少數是灌木或小喬木，整個植株都有導管系統，分泌白色、黃色或紅色的汁液。單葉互生或對生，無托葉
2152,同年
2153,古希臘語
2154,戡亂建國教育實施綱要》
2155,
2156,卡拉恰伊湖
2157,王藍
2158,南成旭
2159,東晉元帝
2160,光球層
2161,漢字
2162,絲綢之路
2163,5642米
2164,殺蟲劑中毒
2165,寮國
2166,
2167,積水潭
2168,羅曼努斯二世
2169,
2170,浮動匯率制度。從1953年到1973年，以計劃經濟制度
2171,農業
2172,4至5月
2173,將兩國國界以黑龍江為基本界限劃清
2174,漢馬伏波
2175,雲南省
2176,美國
2177,土地改革
2178,宋文帝
2179,艾瑪·史東
2180,以漢諾瓦
2181,
2182,玉泉北路
2183,1789年
2184,25個
2185,旅遊業
2186,德謨克利特發揚光大。其後以柏拉圖
2187,質學院
2188,2007年
2189,國家歷史文化名城稱號
2190,維基媒體基金會
2191,一省
2192,六條河
2193,非婚生的方式
2194,中山市
2195,最佳演唱團體獎
2196,兩種
2197,秋冬春涼且潮溼，全年氣候溫和，如地中海地區、美國加州、南非開普敦地區等。主要植物以硬葉灌木植物為主。夏季的旱季時常發生火災
2198,現代精神醫學
2199,機炮
2200,左衛門
2201,威尼斯影展
2202,性別演化
2203,第一心音
2204,吉爾吉斯
2205,四帝共治制是羅馬皇帝戴克里先創立的一個治理模式。由於他看出羅馬帝國過去兩、三百年間世襲制度
2206,韓國海關
2207,奧地利
2208,2009年
2209,牛胃氣膨脹
2210,北源沮水
2211,學者經常把吠陀梵語和古典或「波你尼」梵語區分為不同的方言。儘管它們
2212,受道家老子思想的用詞影響
2213,模特兒
2214,印第安納大學俱樂部
2215,低可偵測性
2216,1971年
2217,高速公路
2218,勞力密集工業
2219,東芝
2220,新北市
2221,川本芳昭
2222,東羅馬帝國
2223,外觀圓短
2224,商業貿易
2225,溫元凱等人曾公開支持「要求進行民主選[UNK]」的遊行
2226,2002年
2227,620年
2228,民國2年
2229,第一公民
2230,現代主義
2231,天主教，37.1%是新教徒，還有4.6%的人口是穆斯林，另外還有1.7%的人口聲稱自己沒有宗教信仰。傳統宗教
2232,美利堅聯盟國
2233,然羅馬皇
2234,
2235,1929年
2236,《禁書目錄》
2237,心室底壁組織
2238,馬來西亞
2239,湯瑪斯·勃蘭契特·瑞德
2240,周恩來
2241,運動能力
2242,戰鬥機為轟炸機
2243,日本
2244,同年
2245,帽子工廠》
2246,1897年
2247,威廉·赫歇爾
2248,印尼
2249,民國十六年
2250,劉宋前期繼承東晉門閥政治的地理格局，以荊州
2251,爾法學院
2252,28個
2253,
2254,國防部空軍司令部
2255,北京
2256,1945年
2257,清軍
2258,世稱恭順
2259,1972年
2260,2013年
2261,拉丁字母
2262,高速線
2263,1918年
2264,
2265,非金屬類材料
2266,基督教
2267,聯合國人權委員會
2268,
2269,電漿態的氫
2270,足式臀位
2271,約翰·莫根創建了北美洲第一所醫學院，使學校成為事實上的大學。但一直到1779年，賓夕法尼亞政府才通過立法對學校進行改組，將其正式命名為賓夕法尼亞州大學
2272,後續效應
2273,內穀類作物
2274,
2275,[UNK]染色體
2276,後代
2277,
2278,劉宋
2279,孫權
2280,第二心音
2281,東晉元帝在江乘縣僑置南東海郡、南琅琊郡、南東平郡、南蘭陵郡。南琅琊郡寄治在江乘縣的金城。金城為三國東吳修築。三國志•吳書•孫和傳中記載：寶鼎二年十二月
2282,擺脫螺旋槳
2283,道格拉斯
2284,有關稻
2285,阿爾巴尼亞
2286,五個
2287,民國25年
2288,東南部隔松花江
2289,夏洛特
2290,趙希[UNK]逝世，生母全氏
2291,探測器
2292,2008年
2293,
2294,紅水河
2295,北海道
2296,斯芬·佩斯
2297,韓國2013年
2298,灣仔
2299,6.6千兆瓦
2300,湯姆·克蘭西
2301,1200萬名
2302,
2303,2008年
2304,29.48萬人
2305,1998年
2306,鞏高峰
2307,三蘭港
2308,12個
2309,
2310,沿用科大
2311,焦爾達諾·布魯諾
2312,
2313,南燕
2314,
2315,敵我性質
2316,南蠻校尉
2317,圓口綱
2318,1180年
2319,三歲
2320,嗜賭者自殺風險
2321,錫巴里
2322,阿克爾自治市
2323,香港人
2324,雜亂無章
2325,義大利
2326,
2327,[UNK]分數評估
2328,一街區之隔，始建於1986年的西校區，則以信息科學學院、生命科學學院等工科院係為主。東、西、南、北四校區之間均有校園巴士接駁，在校師生刷校園一卡
2329,
2330,請師
2331,臭氧層
2332,新杜老誌夜總會
2333,國民政府
2334,威尼斯
2335,漢字
2336,1939年
2337,供寄遞郵件貼用的郵資憑證
2338,綜合應用
2339,愷撒
2340,大河
2341,工農紅軍
2342,文學與音樂方面作品
2343,《四十二章經》
2344,薩沃亞家族
2345,工業發展
2346,利希・弗格勒
2347,第4套
2348,景洪市
2349,《韓國憲法》
2350,爭取陽光
2351,《失落的故事集》
2352,1918年
2353,1563米。太白山脈向西南延伸的部分被稱作小白山脈，長約350公里
2354,原始宗教
2355,第1區
2356,博物學
2357,餐館在13世紀的中國杭州發展起來。當時的杭州
2358,
2359,1973年
2360,馮特
2361,彰化市民代表會
2362,法國大革命時期
2363,清朝
2364,
2365,朱德一
2366,妹出海逃亡
2367,理國時期
2368,1958年
2369,東經
2370,站房設計
2371,韓語
2372,逼·發射光譜·星
2373,量子光學
2374,
2375,1927年
2376,2014年
2377,灣仔
2378,2007年
2379,法國，法國因此遭受了重大損失，但克萊蒙梭的政策仍過分激進，對德國過分苛刻。而且條約是勝利者強加於失敗者的和平，是對德國
2380,利用外交手腕防止了敵人在1760年10月前的大規模入侵
2381,羅斯托克港
2382,為了鞏固自己及子孫的統治
2383,文字與語言方面，一般是通用蒙古語
2384,二氧化碳
2385,元太宗
2386,15625億
2387,印度教經文
2388,1230年
2389,918年
2390,北非作戰階段
2391,政府
2392,1987年
2393,核酸酶
2394,家軍難
2395,28年前
2396,加拿大式雙打
2397,心室底壁組織
2398,許昌縣誌
2399,前34年
2400,2901.3平方公里
2401,新北市
2402,魯斯蒂謙
2403,高等學校新生入學考試制度
2404,
2405,科大校歌
2406,19世紀
2407,檀君古朝鮮
2408,康熙帝
2409,楊亨燮
2410,清宣宗時代
2411,
2412,士兵
2413,
2414,四次
2415,林彪
2416,[UNK][UNK]可見
2417,1973年
2418,錫克教
2419,慢病毒載體
2420,社會輿論
2421,1603年
2422,一
2423,紐格威森林
2424,2005年
2425,收放式起落架
2426,新石器
2427,
2428,·基爾比於1958年和羅伯特·諾伊斯
2429,1958年
2430,聯合國屬下的世界氣象組織
2431,條約規定的賠償金額中的一小部分，但即使這一小部分也給德國經濟造成了極大負擔並導致了近1/3的通貨膨脹
2432,
2433,布政司署
2434,35%
2435,橫徵暴斂
2436,
2437,1958年
2438,2010年
2439,柏樹林
2440,7920公里
2441,仙台市
2442,
2443,表示作為郵資使用過
2444,哈爾濱
2445,2000年
2446,義和團事變
2447,混合苦膽的酒
2448,太宗即位之初
2449,起草法案
2450,2008年
2451,第五次調整
2452,米蘭·內迪奇
2453,19世紀晚期
2454,豐富銀礦
2455,合不勒汗
2456,高句麗
2457,鄂畢河
2458,3年
2459,49.3萬人
2460,巴納德
2461,量子光學不只是理論而已，像雷射等現代光學設備其中的原理都是以量子光學
2462,
2463,哈德遜河
2464,全國地圖正保御國繪圖
2465,民國3年6月24日
2466,醫療保險
2467,主序帶
2468,坎貝爾
2469,港島區
2470,
2471,相繼統治
2472,五大書記全部
2473,二十歲
2474,長盤
2475,中村法道
2476,瓊山
2477,阿忽台
2478,391年
2479,英國精神醫學期刊
2480,1849年
2481,1276年
2482,13小時
2483,質量更大的恆星，氦
2484,新校地
2485,忽必烈
2486,巴西爾二世和君士坦丁八世
2487,黑死病
2488,第二次世界大戰中
2489,哈雷阿卡拉
2490,硫酸
2491,氮化硫
2492,五位
2493,1972年
2494,都市計劃
2495,表面輻射
2496,
2497,無痛分娩
2498,6位
2499,會稽虞氏
2500,煤煙消
2501,公民化
2502,
2503,國民政府時期
2504,·基爾比
2505,母親
2506,燕王朱棣
2507,海邊
2508,匹茲堡
2509,威廉·赫歇爾
2510,中山高速公路
2511,《動員戡亂時期臨時條款》
2512,黑龍江
2513,1989年
2514,花垣鎮
2515,東部
2516,毒品一向素
2517,13倍
2518,韓國
2519,正式踏上星途
2520,第三次
2521,泰國
2522,
2523,孔恩
2524,古希臘人駕船穿過黑海去往該地，也遇到了索契當地土著。索契
2525,羅非魚
2526,西南大學
2527,支持臺灣獨立
2528,新天皇光明天皇策封他
2529,托木斯克
2530,阿聯
2531,1897年
2532,《臺灣自救運動宣言》
2533,用地
2534,十億年前
2535,1486年
2536,英國
2537,1970年代
2538,1500公里
2539,南極條約體系一年一度的「南極條約協商會議」
2540,布里亞特人
2541,建炎二年
2542,民國時期
2543,1849年
2544,279年，楚國大將庄[UNK]遠征到達滇池地區，由於秦國打敗了楚國，無法回國，而被迫留在滇池以南地區，變服從其俗，建立了滇國。前109年
2545,中國大陸
2546,1584年
2547,羅山
2548,1899年和1906年
2549,釋迦
2550,1950年
2551,1640年
2552,郵票
2553,約翰二世·科穆寧皇帝
2554,四條
2555,以圓潤沉厚的聲線在電視上獻唱徐小鳳名曲〈風的季節〉，摘下新秀冠軍，正式踏上星途
2556,1841年2月10日
2557,1999年
2558,1991年4月
2559,西元977年編的太平廣記是古代
2560,國家預防腐敗局
2561,噪音過大
2562,大學生研究計劃
2563,未更動
2564,1994年
2565,王亞南
2566,
2567,八零年代
2568,1234年
2569,不少期
2570,瑞派克路
2571,[UNK][UNK]
2572,第二代
2573,當局
2574,康熙三十二年
2575,工業門類以重工業
2576,德國聯邦印刷所
2577,1952年
2578,終於慢慢的進入民主政治的運作
2579,魚雷
2580,十月革命
2581,勞動黨
2582,120張
2583,1世紀前
2584,2016年2月22日
2585,在各個市政領域推動都市轉型計畫
2586,
2587,興十一年
2588,烈女義坑
2589,地球大氣的臭氧層
2590,
2591,廣東籍
2592,羅馬帝國
2593,自由派
2594,1990年代
2595,秋明州
2596,倫敦煙霧事件
2597,史都華
2598,自由、平等、博愛
2599,韓國
2600,不穩定性
2601,多瑙哲羅魚
2602,亨利克萊
2603,敦煌
2604,洛東江
2605,哈德斯菲爾德的總教練赫爾伯特·查普曼
2606,噪音過大
2607,廿八歲
2608,中央軍
2609,2016年
2610,
2611,因健康和年老
2612,
2613,2比1
2614,參議院一般較眾議院
2615,1861年
2616,1991年
2617,擁有領土主權
2618,1953年12月
2619,白[UNK]紀
2620,1月27日
2621,曼莫漢·辛格
2622,刺激性
2623,會戰
2624,民主黨
2625,1895年
2626,12月25日
2627,
2628,洛東江
2629,拒絕投降
2630,伶人小六如、春眉，娼小鳳輩，皆邀幸。」又有人
2631,[UNK].[UNK]
2632,馬爾吉特
2633,發球失誤
2634,第一次鴉片戰爭
2635,特殊黨員
2636,中國
2637,蔡素玉
2638,英國
2639,工藝上的難度不獲好評
2640,中共十五大
2641,2006年，央視第一條高清付費頻道[UNK]高清影視頻道開播。2008年
2642,4個
2643,溫州
2644,歐斯納
2645,《宅地法》
2646,大學老校園
2647,駐越美軍
2648,西班牙
2649,住宅合作社
2650,1848年
2651,2016年9月30日
2652,效益主義
2653,解放軍
2654,1946年
2655,伊斯蘭教
2656,元弘之亂
2657,6-8月
2658,
2659,暴雪娛樂
2660,第二次世界大戰
2661,歐洲人
2662,理論心理學
2663,西方墨點法
2664,314.23萬人
2665,
2666,戰鬥機
2667,克列孟梭
2668,乙氧基乙烷，是一種醚類。乙醚是一種無色、易燃、極易揮發的液體，其氣味帶有刺激性，以前被當作吸入性全身麻醉劑，也是常見的毒品加工製作材料
2669,
2670,臺灣
2671,中部科學園區
2672,1799年
2673,特瓦族是該國生活在森林中的最早居民俾格米人
2674,中宮寺
2675,麻州
2676,杜林
2677,庫侖阻力
2678,多數私立中式學校都面對的問題
2679,三一九槍擊事件」
2680,天主教會
2681,古羅馬
2682,
2683,三七五減租和公地放領等土地改革政策
2684,塞爾維亞
2685,2013年
2686,忠孝橋
2687,母親
2688,1960年
2689,高崗
2690,1925年
2691,二氧化碳
2692,大學文憑
2693,台灣小百岳
2694,爭議性的文章，以使存在爭議的文章能夠更嚴格地被審查。《科學》期刊也表明《自然》雜誌有可能採用這之後相同的論文審標準。甘迺迪為《科學》期刊的審查系統作辯護，指出嚴格應對造假只能是「為了揪出偶然的作弊者而對眾多科學分支採取不計成本而又冒犯性
2695,1779年
2696,印尼蘇
2697,人本主義
2698,首爾塔洞公園
2699,
2700,帝國
2701,公開產品
2702,5.7
2703,玉米
2704,《網球場宣言》
2705,什錦麵
2706,以令人讚嘆的演說獲得廣泛人民的支持
2707,東歐保護人民
2708,79年
2709,陳誠
2710,阿爾比
2711,大馬哈魚
2712,美軍
2713,甘蔗
2714,
2715,定用戶組
2716,懷特·厄普
2717,昆明市區交通
2718,2010年
2719,洛可可風格
2720,憲模式
2721,2008年
2722,納粹黨
2723,清政府
2724,威廉二世
2725,大陸黃金十年高峰
2726,漢魏故城
2727,英京
2728,深懷日本關東軍殺父之仇
2729,威廉一世
2730,定向天線
2731,1668號
2732,1702年
2733,提高反應與效率
2734,東南亞
2735,同盟國
2736,1944年[UNK]去世後
2737,臺灣國語
2738,布里斯托爾
2739,鐵路運輸
2740,庫曼
2741,牛津鯨龍的化石出土於英國的另一個地層，時間為侏[UNK]紀中到晚期，年代較短體鯨龍更早。在1970年代，古生物學家
2742,黃金自由貿易
2743,趙世延
2744,耗資6億美元
2745,大韓帝國
2746,城市信封
2747,第265任
2748,蒸汽機車
2749,自殺
2750,20%
2751,阿拉瓦克印第安人
2752,填海
2753,[UNK]集團
2754,兩馬赫
2755,69個
2756,蘿蔔糕
2757,伽利略
2758,1875年
2759,裏海
2760,1863年
2761,1880年
2762,16世紀末葉
2763,
2764,阿爾卑斯山
2765,同年
2766,毛利家
2767,英國
2768,東洋魔女
2769,拿破崙
2770,4個月
2771,逢京大年度慶典
2772,中華人民共和國
2773,愛格思海金斯公司
2774,阿拉巴馬州
2775,1994年
2776,《名人傳》
2777,黃龍
2778,傑斐遜·戴維斯
2779,1799年
2780,70%
2781,尼夫赫人
2782,制
2783,國民黨
2784,入學考試
2785,以此聯想到生物演化發生的機制
2786,幹半島
2787,卡拉巴赫
2788,1986年
2789,古中國
2790,漢諾瓦
2791,五大宗教
2792,心血管疾病
2793,科技園
2794,元朝
2795,方鉛礦
2796,法國大革命
2797,超級基金法
2798,大有國
2799,納粹德國
2800,募兵制
2801,1933年
2802,2015年
2803,三藩之亂
2804,1765年
2805,羅馬帝國
2806,《有關國軍參與海外派遣活動的法律案》
2807,大滿貫
2808,華沙
2809,伯力
2810,外交政策
2811,長度
2812,1546年
2813,約翰二世·科穆寧皇帝
2814,凡爾賽宮宮殿
2815,北海道帝國大學農學部
2816,2008年
2817,信陽市
2818,地區邊界」
2819,
2820,一下階元
2821,2016年
2822,1789年
2823,西線方面，1235年窩闊台汗命朮赤長子拔都、貴由與蒙哥、速不台等第二代蒙古王子發起蒙古第二次西征，史
2824,第十五屆國際動物學會議
2825,假意將官屬全部捆縛，請二人進府查驗
2826,金靴獎
2827,克拉科夫
2828,考古學證明天文學
2829,
2830,
2831,氧化亞氮氣體
2832,不像其他版本聖經的傳統順序
2833,孫叔敖
2834,藍玉
2835,買賣雙方
2836,電動力車
2837,銀熊獎
2838,戡亂建國教育實施綱要》和一系列法令，在日常教學中大力灌輸反共思想與中華傳統文化，並推行髮禁等規範學生日常行為的措施。1968年
2839,超音波
2840,釣魚臺
2841,6座
2842,1952年
2843,武昌起義
2844,拉卜楞寺得到河州總鎮衙門特許，設置「臬倉」，直接管理寺院周圍13莊政教事務
2845,專一性高
2846,第一波新政
2847,非歐幾里得幾何
2848,1976年
2849,美國
2850,第2758號決議案
2851,1980年
2852,楊森
2853,1859年
2854,托勒密知道漢朝在歐亞大陸的最東端
2855,學生社團方面，有社團部以及學會部。社團部
2856,阮彌之
2857,粵西
2858,羅斯托克港
2859,古老
2860,约瑟夫·斯卡利格
2861,寧波人大量移民上海，湖州人
2862,九龍灣
2863,暴雪娛樂
2864,信仰純化運動
2865,良好行為
2866,羅馬士兵
2867,1982年
2868,烏干達
2869,1000米
2870,馬關條約
2871,自由派
2872,大陸性季風氣侯
2873,214微克
2874,第三次
2875,盧安達的現行憲法
2876,唐朝
2877,西南地區
2878,1953年至1957年
2879,不知道散彈槍
2880,海南
2881,排名評比
2882,生理性別
2883,共同祖先說
2884,機，攔截機
2885,寮國
2886,2000年
2887,發願之後
2888,克萊門森級驅逐艦
2889,電影界主流
2890,聯合國的合法席位和否決國民黨代表
2891,武漢大學
2892,第三心音
2893,1989年
2894,史達林
2895,
2896,美國
2897,南遷廣州
2898,太空載具在太空的航行活動。科學界一般
2899,沉默寡言
2900,浙江
2901,元滅宋之戰
2902,亞歷山大·羅德
2903,霍諾里烏斯
2904,多倫多是多元文化的聚集中心。每年舉行的文化節目包括6月的同性戀自豪節，夏季的加勒比節，而北美
2905,《農書》
2906,烏蘭巴托，以1911年作獨立紀元，允許蘇聯駐軍。但中國及英、美等當時主要國家政府皆未承認。1924年，中國唐努烏梁海
2907,中世紀中期
2908,瑞派克競賽
2909,庫曼語
2910,台南
2911,現代精神醫學
2912,
2913,1987年
2914,發願
2915,6月1日
2916,阿爾沃蘭海
2917,效果比主動宣傳
2918,反映出資產負債表中各個項目對現金流量的影響
2919,1923年
2920,鏡廳
2921,劉裕
2922,
2923,托列斯海峽。雪山山脈和馬勒山脈橫貫全島，海拔4000公尺以上；最高峰查亞峰
2924,自由民主黨
2925,印度洋
2926,49.5
2927,有極端大陸性氣候
2928,磷礦石
2929,曼哈頓是美國
2930,
2931,1512年
2932,成熟階段
2933,肌萎縮性脊髓側索硬化症
2934,河西姑臧
2935,哈德良
2936,《關於托勒密和哥白尼兩大世界體系的對話》
2937,慢病毒載體
2938,發明
2939,種族區分的聯邦行政區，內部局勢更緊張。前者希望馬其頓、伏伊伏丁那、黑山與塞爾維亞合併，克羅埃西亞則想與達爾瑪提亞
2940,南成旭
2941,鄰國
2942,
2943,
2944,國民政府
2945,明朝
2946,武器設計製造人才
2947,2002年
2948,探測器
2949,50個
2950,鐵路車站
2951,冬無嚴寒
2952,1874年
2953,撒爾塔
2954,金泳三
2955,以擅長隨心所欲控制自己的體重
2956,新生代時期
2957,印度國大黨
2958,防空海報中被稱為「重慶機
2959,木華黎
2960,柴電動力車
2961,宗教業務
2962,聯合國
2963,內需市場
2964,多瑙哲羅魚
2965,翻版金日成
2966,香港機場
2967,奧地利
2968,中華民國99年12月25日正式
2969,愛爾蘭島
2970,
2971,汽運
2972,敦煌石窟
2973,鍾祥蘭台宮
2974,朝鮮經常遭到倭寇的侵擾。當時掌握日本政權的豐臣秀吉蓄謀以朝鮮
2975,1972年
2976,國際航空
2977,兩天
2978,喀喇汗國也是突厥人的第一個伊斯蘭教王朝
2979,颶風戰鬥機
2980,黨內上層
2981,1932年
2982,1952年
2983,埃及
2984,1986年
2985,
2986,紐科門
2987,村民委員會
2988,議會大廈
2989,
2990,《韓國憲法》
2991,岳飛
2992,宿衛軍
2993,茶道
2994,1637年
2995,西晉
2996,
2997,8月下旬
2998,行星
2999,一次世界大戰時期
3000,大朝鮮國
3001,麻省理工建築
3002,對比建成環境，建成環境當中包括區域和組件受人類的強烈影響
3003,1171年
3004,《日韓合併條約》
3005,織田氏
3006,統治階級
3007,民國四十三年
3008,眾議院選舉
3009,魏源所著聖武記
3010,保祿六世
3011,阿拉伯宗
3012,庫務局
3013,印度-雅利安語言
3014,
3015,先發制人
3016,艾瑪·史東
3017,1622年
3018,第二產業發達，種類繁多，第三產業
3019,自轉軸
3020,怒江州，東北臨大理州
3021,25個
3022,史蒂芬
3023,查士丁尼一世
3024,華北平原
3025,俗雲萬里石塘
3026,卡拉卡爾帕克族
3027,博物學
3028,摩斯科格族
3029,羅馬共和國
3030,辛亥革命
3031,六十年
3032,9月
3033,伊斯蘭教的可汗，更重要的是他也是世界歷史上第一個皈依伊斯蘭教的突厥人可汗。喀喇汗國也是突厥人的第一個伊斯蘭教王朝
3034,總督」，正式官銜為「兵部右侍郎兼都察院右都御史
3035,六四天安門事件
3036,周恩來做了自我檢討，而劉少奇自忖我們
3037,《北京條約》
3038,1976年
3039,1958年
3040,森林面
3041,國民議會
3042,第二產業
3043,受到社會普遍的譴責
3044,九部
3045,anticipation
3046,3766人
3047,外交政策
3048,300公厘
3049,馬來西亞
3050,南宋洪邁
3051,淮安區
3052,土地起伏大
3053,袁世凱
3054,2002年
3055,5倍
3056,西里爾字母
3057,福建商船
3058,中國共產黨紀律檢查機關
3059,第幾大的城市為美茵河畔法蘭克福?[SEP]法蘭克福，正式全名為美茵河畔法蘭克福，是德國中西部的黑森邦的第一大城市，也是德國的第五大
3060,契約經濟
3061,
3062,郭素
3063,為了保護蒙古人地位
3064,財經政策，調劑各解放區財經關係和收支，同時著手開展統一貨幣的工作。1947年10月成立了以南漢宸
3065,修正主義
3066,葉赫那拉氏
3067,金正恩
3068,對空中武力
3069,蘇聯
3070,明朝
3071,伊拉克
3072,北德
3073,劉少奇
3074,90年代
3075,溫尼伯國際機場
3076,朝鮮
3077,布爾什維克革命
3078,十分罕見
3079,一般遊客團體
3080,黑龍江
3081,奧勒良
3082,昆明長水國際機場
3083,宮廷權力爭鬥
3084,中國立法規定了選舉的自治組織中，以居民委員會和村民委員會最讓人關注，因為這兩個組織在實際生活
3085,民國29年
3086,第二帝國
3087,1969年初，劉少奇患重病，由中南海特派的搶救組予以搶救。1969年10月17日
3088,通化市
3089,鄭成功
3090,烏孜別克族人
3091,農業
3092,三年海水
3093,金泳三
3094,2006年
3095,庫納巴拉班
3096,打壓反對者
3097,戰鬥機護航
3098,馬加人
3099,1938年
3100,巴西隊
3101,珍惜親情等傳統儒家思想
3102,直腿
3103,駱克道
3104,71.7公里
3105,拜占庭帝國
3106,肌源性
3107,廣電總局
3108,合不勒汗死
3109,艾森豪
3110,查理檢查站是盟軍占領軍開設的檢查站，但僅為外交人員和外國公民使用。腓特烈大街車站
3111,通惠河
3112,雲貴高原
3113,喀喇汗國
3114,1914年
3115,紅衫軍運動
3116,元廷
3117,中興街
3118,綠窗口
3119,旋位置來表達壓強資訊。在電學中，電壓
3120,希臘文化
3121,幽州
3122,於慢慢的進入民主政治的運作
3123,庫倫戰敗
3124,1970年代
3125,線廣播
3126,
3127,周恩來
3128,貴霜帝國
3129,二戰後，人們意識到大氣污染廣泛散布，深恐核戰爭和核試驗導致放射性物質墜落。隨後，一個非核事件，即1952年
3130,南海縣
3131,華府風雲》
3132,韓國
3133,過度漢化
3134,遠期規劃控制用地
3135,李東陽
3136,1916年
3137,[UNK]糯
3138,橫越天空的角動量
3139,印度教
3140,青天白日勳章
3141,尼古拉杜霍寧
3142,浙江紹興浙軍第二旅第六團第三連當見習官
3143,
3144,信陽市
3145,1782年
3146,1867年
3147,亞伯拉罕諸教認為生命神聖，所以自殺有違上帝旨意。在日本武士時代
3148,美國哈佛
3149,約瑟普•布羅茲•狄托
3150,豐田汽車
3151,政府財政撥款
3152,1918年
3153,1972年
3154,高架電纜
3155,
3156,伊薩克
3157,根據類型常可區分為有絲分裂
3158,卡爾施塔特
3159,阿拉伯字母
3160,二氧化碳
3161,建國後的幾個十年中，韓國對憲法進行了九次修訂。最新的一次憲法修訂時間
3162,《經世大典》
3163,黃琪翔
3164,中國人民銀行
3165,工廠
3166,玫瑰盃
3167,2008年
3168,土地改革
3169,約50名
3170,荷蘭皇家研究所
3171,楊成武則認為周實際上擔任中央專案組負責人和領導者，並針對劉少奇、賀龍、彭真等人主持專案工作。對於周恩來
3172,1739年
3173,自由市
3174,柏林圍牆
3175,
3176,商業
3177,安陽鎮
3178,東側
3179,田春蔚
3180,冬季奧運會
3181,動物命名法
3182,
3183,艾薩克·牛頓
3184,馬薩諸塞州
3185,6世紀末到7世紀
3186,第一個階段
3187,塞爾維亞
3188,麗貝卡·布蘭克
3189,《義勇軍進行曲》
3190,太平洋戰爭
3191,宋元豐五年
3192,韓文報紙和雜誌
3193,莫敦梅
3194,北京
3195,
3196,巴洛克風格
3197,軸心國武裝
3198,發願之後
3199,
3200,俗世
3201,受貨幣經濟影響
3202,歷代紀傳體史書中后妃傳
3203,民國時期
3204,曼努埃爾一世
3205,摩斯科格族
3206,31個
3207,強迫韓國文壇日語化
3208,新北市
3209,台灣
3210,庫頁島
3211,
3212,1235年
3213,研究敦煌石窟
3214,台北港特定區
3215,法國馬賽
3216,2017年
3217,哈里發軍隊
3218,台北港
3219,
3220,英屬維京群島
3221,1945年初，德國撤出南斯拉夫。南斯拉夫民族解放反法西斯議會在11月的制憲會議宣布南斯拉夫成立共黨政府，罷黜君主制。1946年
3222,30人
3223,鱷魚
3224,少數山峰
3225,35號決議
3226,一」字形布局
3227,日本人鎮壓
3228,江北地區
3229,希臘文化
3230,19世紀
3231,海鮮
3232,匈奴人一路
3233,阿忽台
3234,倭國
3235,1949年
3236,中國走私
3237,
3238,78.5萬美金
3239,昆明長水國際機場
3240,豐田汽車
3241,兩棲動物
3242,負責全國邊海防工作
3243,
3244,1961年
3245,馬爾吉特
3246,
3247,康德也猜想某些在夜空中看見的星雲可能
3248,傑羅姆萊特文教授亦改寫了認知科學的發展史。除了十多位諾貝爾經濟學獎得主之外，九位約翰•貝茨•克拉克獎
3249,漢族人口居多，2010年末共有314.23萬人
3250,24位
3251,高加索山脈
3252,國民政府
3253,軍事科研活動
3254,紀律檢查機關
3255,運糧困難
3256,民主黨
3257,1627年
3258,求其放心
3259,使用大量優勢兵力向西擊敗法國然後再掉頭往東對付俄國，然而德國總參謀長小毛奇卻害怕德軍在東線戰線上沒有足夠兵力應付俄國
3260,國民黨一黨獨大
3261,公元第二世紀
3262,[UNK]-29轟炸機
3263,蒙古大汗
3264,高句麗的擴張與集權化，導致了與漢朝玄菟、樂浪二郡的直接武力衝突。漢朝軍事壓力
3265,1924年至1926年
3266,1月1日00:30
3267,鄧小平
3268,民國23年
3269,
3270,鐵元素
3271,風暴
3272,大恐慌
3273,民國元年
3274,1940年
3275,1233年史彌遠死後，理宗才開始親政。權相史彌遠共擅權二十六年
3276,2013年
3277,卡爾施塔特
3278,重要性扮演不可言喻的角色，例如魔鬼終結者2
3279,
3280,
3281,《天體運行論》納入《禁書目錄》
3282,馬英九
3283,中華民國政府
3284,朱允[UNK]次子朱文圭
3285,巴夏禮
3286,廣島市
3287,私立大學
3288,毒品一向素
3289,韓國網
3290,失業率沒有
3291,1891米
3292,馬來西亞
3293,烏爾蘇拉
3294,92%
3295,李[UNK]
3296,麥羅沃州
3297,第十屆全國人大第五次會議
3298,馬林諾夫斯基
3299,
3300,成吉思汗攻佔漢地後，有賴耶律楚材與木華黎
3301,荊州士族
3302,消極的制度治理臺灣，導致社會動盪不安
3303,李宗仁
3304,籃子貨幣
3305,1971年
3306,1281年
3307,
3308,
3309,高加索山脈
3310,士兵
3311,明朝
3312,動物脂肪
3313,
3314,奈及利亞
3315,1955年
3316,8市83町村
3317,馬爾馬拉海兩岸地區和附近一些島嶼，以及5/8的君士坦丁堡城
3318,奧爾良王朝的路易·菲利普國王
3319,中華民國政府
3320,1912年
3321,1965年
3322,鐵會
3323,中國通俗
3324,9世紀
3325,拿破崙大
3326,內蒙古
3327,林邑軍
3328,宋孝宗
3329,西莒島青帆村
3330,美元
3331,1.4
3332,獅子派
3333,乾隆皇帝
3334,有意無意
3335,1998年
3336,西班牙
3337,朝鮮民主主義
3338,成吉思汗時代
3339,打壓反對者的方式取得權力
3340,地中海
3341,1908年
3342,一千一百萬
3343,銀河水管弦樂團團長文慶鎮及王在山輕音樂團
3344,羅曼努斯二世的兒子巴西爾二世和君士坦丁八世
3345,空氣汙染
3346,1949年
3347,岳飛的文學才華
3348,劉牢之
3349,105名
3350,什錦麵
3351,五分之四
3352,上海人
3353,民族主義復活
3354,德國
3355,現代漢語
3356,集安
3357,1970年
3358,毒化合物硫化氫
3359,李·亞科卡
3360,五年
3361,瓜拿納樹
3362,胡圖族
3363,內層
3364,絕對零度
3365,慢病毒
3366,克列孟梭總理的觀點也概括了法國民意
3367,馮特也是第一個把自己稱為心理學家的人。其他早期而重要的心理學家包括艾賓浩斯等。19世紀末、20世紀初，西格蒙德·弗洛伊德
3368,2006年
3369,白[UNK]紀中期
3370,克拉克獎
3371,克勞德夏農
3372,不列顛印度軍隊
3373,1932年
3374,人口較南方多出許多
3375,1964年
3376,
3377,法語
3378,政治主張
3379,行政院
3380,合肥市政府
3381,理查特里維西克
3382,一般旅客不可進入坑道內參觀
3383,彌爾
3384,高句麗起義
3385,幽默
3386,普洱市
3387,738年
3388,美國
3389,對於旅客的換乘和貨物運輸十分不利
3390,不再建立便宜
3391,1961年
3392,自主性，對人才以及資源的不合理運用造成了企業效率低下，利潤率難以提高，科技含量也始終很低，因此鄧小平希望建立和現在世界上已開發國家相似的股份制企業制度
3393,俄國於同期的大北方戰爭中獲勝，為防俄國
3394,田漢
3395,模特兒
3396,1284年
3397,民國23年
3398,
3399,314.23萬人
3400,超文字
3401,最終決策權
3402,凡爾賽宮
3403,喬治•赫伯特•沃克•布希
3404,1936年
3405,
3406,伊利諾州
3407,公元前510年
3408,漢諾瓦
3409,性犯罪
3410,大陸橫越
3411,犬戎起兵
3412,第二代戰鬥機
3413,
3414,
3415,1930年代
3416,
3417,元世祖至元十七年
3418,複合式裝甲
3419,德川家康
3420,高速線哈大客運專線
3421,海倫
3422,喀什噶爾
3423,
3424,熱帶雨林氣候
3425,1月6日獨裁
3426,中世紀
3427,清廷以消極的制度治理臺灣
3428,協助自殺
3429,東漢
3430,美國[UNK]電視台
3431,1985年在杜拜成立的阿聯國際航空，坐落於杜拜國際機場，在2005年
3432,儒略日
3433,
3434,11世紀
3435,米勒
3436,1935年
3437,主序
3438,政治主張經興
3439,社會黨
3440,
3441,縣政府
3442,股份制改革，並於2010年成功上市。截至2016年末，農行位於中國大陸的分支機構共計23682個
3443,百萬位元／秒，是全球平均網速的約7倍
3444,防禦反艦導彈的小口徑速射炮
3445,1976年
3446,端午節
3447,15個
3448,宋公
3449,希洛分基地
3450,漢地大都
3451,袁世凱
3452,再南
3453,韋茲萊隱修院
3454,
3455,逃港者
3456,
3457,民國17年1月
3458,聯邦調查局
3459,雜交帶
3460,1990年代後期或以前，香港人口是男多女少，約2000年
3461,《魔戒》
3462,1958年
3463,儒家思想
3464,1954年
3465,12架
3466,廣西廣府人
3467,1897年
3468,秘書長
3469,
3470,最後被包圍在了笠置山
3471,外交方面擁有更多的主導權
3472,倭王權
3473,過海隧道
3474,1991年
3475,約瑟夫
3476,大部分
3477,身體左側引拍
3478,康德
3479,
3480,良好行為
3481,義陽
3482,中華人民共和國
3483,朱棣
3484,49.5萬人
3485,由於軍隊士兵主要由穆斯林和印度教徒構成
3486,北亞地區
3487,東漢
3488,1941年
3489,生命線類
3490,
3491,西撤
3492,溫病學派著
